Domain,Identities Count,Added by,Trust Level,Identity status - Scout account are more than EXT account,Scout Count,External Count,Total Identities
skoda-auto.cz,46,Cyera,External,More than half,37,27,64
xl2.de,42,Cyera,External,More than half,38,4,42
visteon.com,38,Cyera,External,Less than half,6,32,38
cariad.technology,37,Cyera,External,More than half,45,9,54
brose-sitech.com,35,Cyera,External,More than half,22,13,35
autoliv.com,31,Cyera,External,Less than half,8,23,31
mhp.com,31,Cyera,External,More than half,29,2,31
forvia.com,30,Cyera,External,Less than half,13,19,32
edag.com,29,Cyera,External,More than half,22,11,33
aam.com,28,Cyera,External,More than half,34,2,36
sctechsystem.edu,26,Cyera,External,More than half,18,8,26
webasto.com,26,Cyera,External,Less than half,0,26,26
powerco.de,25,Cyera,External,Less than half,12,13,25
thyssenkrupp-automotive.com,25,Cyera,External,More than half,23,4,27
centuryplastics.net,22,Cyera,External,More than half,15,7,22
bury.com,21,Cyera,External,More than half,11,10,21
kostal.com,21,Cyera,External,More than half,19,2,21
leoni.com,21,Cyera,External,More than half,22,1,23
roush.com,21,Cyera,External,Less than half,5,16,21
valeo.com,21,Cyera,External,More than half,14,10,24
brose.com,20,Cyera,External,Less than half,2,18,20
ingenics.com,20,Cyera,External,More than half,18,3,21
ipi.build,19,Cyera,External,Less than half,4,15,19
nvhkorea.com,19,Cyera,External,Less than half,3,16,19
vw.ca,19,Cyera,External,More than half,19,0,19
saiconautomation.com,18,Cyera,External,More than half,18,0,18
accenture.com,17,Cyera,External,More than half,9,8,17
lginnotek.com,17,Cyera,External,More than half,14,3,17
seg-automotive.com,17,Cyera,External,More than half,15,2,17
audi.mx,16,Cyera,External,Less than half,6,11,17
intevaproducts.com,16,Cyera,External,Less than half,4,12,16
new-moon.com,16,Cyera,External,Less than half,2,14,16
one.ai,16,Cyera,External,Less than half,0,16,16
signata.group,16,Cyera,External,Less than half,9,15,24
edag.com.mx,15,Cyera,External,More than half,12,3,15
iav.de,15,Cyera,External,Less than half,8,10,18
isi.com,15,Cyera,External,Less than half,4,11,15
logsystems.de,15,Cyera,External,More than half,10,5,15
valianttms.com,15,Cyera,External,More than half,16,1,17
voitas.us,15,Cyera,External,More than half,11,4,15
marquardt.com,14,Cyera,External,Less than half,7,8,15
martinrea.com,14,Cyera,External,More than half,12,2,14
multimatic.com,13,Cyera,External,Less than half,2,11,13
rcoeng.com,13,Cyera,External,Less than half,0,13,13
siemens.com,13,Cyera,External,More than half,7,7,14
benteler.com,12,Cyera,External,More than half,10,3,13
gotion.com,12,Cyera,External,Less than half,0,12,12
jacobs.com,12,Cyera,External,Less than half,3,14,17
lear.com,12,Cyera,External,Less than half,0,12,12
opmobility.com,12,Cyera,External,More than half,8,5,13
prefix.com,12,Cyera,External,Less than half,0,12,12
sodecia.com,12,Cyera,External,Less than half,1,11,12
vaiva.io,12,Cyera,External,More than half,8,4,12
yahoo.com,12,Cyera,External,Less than half,1,140,141
adp.com,11,Cyera,External,More than half,11,0,11
auo.com,11,Cyera,External,Less than half,0,11,11
fev.com,11,Cyera,External,More than half,12,0,12
italdesign.it,11,Cyera,External,Less than half,1,10,11
lckcs.com,11,Cyera,External,Less than half,5,7,12
mbn-gmbh.de,11,Cyera,External,More than half,9,5,14
myotek.com,11,Cyera,External,More than half,11,0,11
sap.com,11,Cyera,External,Less than half,6,7,13
vw-fc.com,11,Cyera,External,Less than half,0,11,11
atngmbh.de,10,Cyera,External,More than half,10,0,10
bertrandt.com,10,Cyera,External,More than half,6,4,10
dc-gmbh.com,10,Cyera,External,Less than half,2,8,10
hwashin.co.kr,10,Cyera,External,Less than half,0,10,10
joysonsafety.com,10,Cyera,External,Less than half,1,9,10
xinquan.cn,10,Cyera,External,More than half,5,5,10
automators.com,9,Cyera,External,More than half,9,0,9
cooperstandard.com,9,Cyera,External,Less than half,1,8,9
creativeliquidcoatings.com,9,Cyera,External,More than half,7,2,9
daimayus.com,9,Cyera,External,More than half,9,0,9
losyork.tv,9,Cyera,External,Less than half,0,9,9
porsche-engineering.cz,9,Cyera,External,More than half,11,0,11
pwc.com,9,Cyera,External,Less than half,2,8,10
saargummi.com,9,Cyera,External,Less than half,3,6,9
seat.es,9,Cyera,External,Less than half,0,9,9
ssprod.com,9,Cyera,External,Less than half,1,8,9
thesimplemachine.co,9,Cyera,External,More than half,6,6,12
vibracoustic.com,9,Cyera,External,Less than half,1,9,10
voitas.de,9,Cyera,External,More than half,8,1,9
aires.com,8,Cyera,External,More than half,8,0,8
btdinc.com,8,Cyera,External,More than half,5,3,8
deloitte.de,8,Cyera,External,More than half,7,1,8
evans-gc.com,8,Cyera,External,Less than half,0,9,9
gentex.com,8,Cyera,External,More than half,8,0,8
horien.com,8,Cyera,External,More than half,7,1,8
kayser-automotive.com,8,Cyera,External,Less than half,3,5,8
keboda.com,8,Cyera,External,More than half,8,0,8
marsh.com,8,Cyera,External,Less than half,1,7,8
ph.co.kr,8,Cyera,External,Less than half,0,8,8
porsche-consulting.com,8,Cyera,External,More than half,6,2,8
prestige-grp.com,8,Cyera,External,Less than half,2,6,8
rivianvw.tech,8,Cyera,External,More than half,5,3,8
thaisummit.us,8,Cyera,External,Less than half,1,7,8
tuopuna.com,8,Cyera,External,More than half,4,4,8
zkw.sk,8,Cyera,External,More than half,8,0,8
adacautomotive.com,7,Cyera,External,Less than half,1,6,7
arkal-automotive.com,7,Cyera,External,Less than half,3,4,7
audi.hu,7,Cyera,External,Less than half,2,5,7
batz.es,7,Cyera,External,More than half,4,3,7
boge-rubber-plastics.com,7,Cyera,External,Less than half,0,7,7
cebi.com,7,Cyera,External,Less than half,0,7,7
contechs.co.uk,7,Cyera,External,Less than half,0,7,7
cubearing.com,7,Cyera,External,More than half,4,3,7
diconium.com,7,Cyera,External,Less than half,2,6,8
digital-realization.com,7,Cyera,External,More than half,5,2,7
gkcorp.com,7,Cyera,External,More than half,12,1,13
grede.com,7,Cyera,External,Less than half,0,7,7
gtvinc.com,7,Cyera,External,Less than half,3,4,7
hutchinson.com,7,Cyera,External,Less than half,0,7,7
ltts.com,7,Cyera,External,More than half,4,3,7
luxitgroup.com,7,Cyera,External,More than half,7,0,7
mollgmbh.de,7,Cyera,External,More than half,5,2,7
motusintegrated.com,7,Cyera,External,More than half,7,0,7
mtccorp.com,7,Cyera,External,Less than half,0,7,7
mx.bosch.com,7,Cyera,External,Less than half,1,6,7
npstrategy.com,7,Cyera,External,Less than half,0,7,7
pentanova.com,7,Cyera,External,More than half,6,3,9
phakr.com,7,Cyera,External,Less than half,1,6,7
powerbuilt.net,7,Cyera,External,More than half,7,0,7
rofa-group.com,7,Cyera,External,More than half,4,3,7
tuopu.com,7,Cyera,External,Less than half,0,7,7
us.brembo.com,7,Cyera,External,Less than half,0,7,7
vwgds.in,7,Cyera,External,Less than half,1,9,10
walbridge.com,7,Cyera,External,Less than half,2,5,7
xinquanauto.com,7,Cyera,External,Less than half,0,7,7
zf.com,7,Cyera,External,Less than half,0,7,7
zkwusa.com,7,Cyera,External,More than half,4,3,7
aludec.com,6,Cyera,External,More than half,6,0,6
aue-kassel.de,6,Cyera,External,More than half,6,0,6
bantboru.com,6,Cyera,External,Less than half,0,6,6
columbiasc.gov,6,Cyera,External,Less than half,0,6,6
geprom.com,6,Cyera,External,More than half,6,0,6
germanedge.com,6,Cyera,External,More than half,7,0,7
gfxltd.com,6,Cyera,External,Less than half,0,6,6
grudem.com,6,Cyera,External,Less than half,2,4,6
hi-lex.com,6,Cyera,External,Less than half,0,6,6
infor.com,6,Cyera,External,More than half,6,1,7
joysonquin.com,6,Cyera,External,Less than half,2,4,6
landorandfitch.com,6,Cyera,External,Less than half,0,6,6
ltcroll.com,6,Cyera,External,Less than half,0,6,6
mahle.com,6,Cyera,External,Less than half,0,6,6
meilisprings.com,6,Cyera,External,Less than half,0,6,6
oakwoodgroup.com,6,Cyera,External,Less than half,1,5,6
outlook.com,6,Cyera,External,Less than half,2,44,46
resrgautomotive.com,6,Cyera,External,More than half,6,0,6
sctechsystems.edu,6,Cyera,External,More than half,5,1,6
steineke.de,6,Cyera,External,More than half,6,0,6
te.com,6,Cyera,External,Less than half,0,6,6
treves-group.com,6,Cyera,External,More than half,6,0,6
unifize.com,6,Cyera,External,More than half,6,0,6
usfarathane.com,6,Cyera,External,More than half,6,0,6
zkw-group.com,6,Cyera,External,More than half,3,3,6
zkw.mx,6,Cyera,External,Less than half,1,7,8
basf.com,5,Cyera,External,Less than half,0,5,5
clevelandcliffs.com,5,Cyera,External,Less than half,1,4,5
dsidsc.com,5,Cyera,External,More than half,5,0,5
dspaceinc.com,5,Cyera,External,Less than half,0,5,5
flexngate.com,5,Cyera,External,Less than half,0,5,5
hote-design.de,5,Cyera,External,Less than half,0,6,6
iamt-gruppe.de,5,Cyera,External,More than half,5,0,5
intcai.com,5,Cyera,External,More than half,5,0,5
jll.com,5,Cyera,External,Less than half,0,5,5
kk-alpha.com,5,Cyera,External,Less than half,0,5,5
kvfinal.cz,5,Cyera,External,Less than half,0,5,5
mckinsey.com,5,Cyera,External,Less than half,0,5,5
metrican.com,5,Cyera,External,Less than half,0,5,5
minthgroup.com,5,Cyera,External,Less than half,0,5,5
rofa-ag.de,5,Cyera,External,More than half,3,2,5
rofa-lehmer.de,5,Cyera,External,More than half,5,0,5
safeguardsconsulting.com,5,Cyera,External,Less than half,0,5,5
sccommerce.com,5,Cyera,External,More than half,4,1,5
schwertner-system.com,5,Cyera,External,More than half,4,2,6
sswlindia.com,5,Cyera,External,Less than half,0,5,5
transcom.com,5,Cyera,External,More than half,4,1,5
us.dlapiper.com,5,Cyera,External,Less than half,0,5,5
utpsolutions.com,5,Cyera,External,More than half,5,0,5
venablesbell.com,5,Cyera,External,More than half,4,1,5
vitesco.com,5,Cyera,External,Less than half,0,5,5
workwithink.co.uk,5,Cyera,External,Less than half,0,5,5
zf-lifetec.com,5,Cyera,External,Less than half,0,5,5
zkw.at,5,Cyera,External,More than half,4,1,5
angst-pfister.com,4,Cyera,External,Less than half,0,4,4
apextoolgroup.com,4,Cyera,External,More than half,4,0,4
arcelormittal.com,4,Cyera,External,Less than half,0,4,4
ascentialtech.com,4,Cyera,External,More than half,5,0,5
aus.com,4,Cyera,External,Less than half,0,4,4
avs.sumiriko.com,4,Cyera,External,Less than half,0,4,4
bayraklastik.com.tr,4,Cyera,External,Less than half,0,4,4
bcg.com,4,Cyera,External,Less than half,1,4,5
bmplastic.com,4,Cyera,External,Less than half,0,4,4
bss.gmbh,4,Cyera,External,More than half,5,0,5
callmc.com,4,Cyera,External,Less than half,3,4,7
cmpautomotive.es,4,Cyera,External,Less than half,0,4,4
creativefoam.com,4,Cyera,External,More than half,4,0,4
deltarfasteners.com,4,Cyera,External,More than half,4,0,4
dlrgroup.com,4,Cyera,External,Less than half,0,4,4
durrusa.com,4,Cyera,External,Less than half,0,4,4
eoiauto.com,4,Cyera,External,Less than half,1,4,5
fatainc.com,4,Cyera,External,Less than half,0,4,4
fee.de,4,Cyera,External,More than half,2,2,4
fraenkische-ip.com,4,Cyera,External,Less than half,0,4,4
futuredeluxe.com,4,Cyera,External,Less than half,0,4,4
gel.com,4,Cyera,External,Less than half,0,4,4
hitachiastemo.com,4,Cyera,External,Less than half,0,4,4
hitt-gc.com,4,Cyera,External,Less than half,0,4,4
hlcompany.com,4,Cyera,External,Less than half,0,4,4
hotmail.com,4,Cyera,External,Less than half,0,86,86
huf-group.com,4,Cyera,External,Less than half,0,4,4
in.bosch.com,4,Cyera,External,More than half,4,0,4
itwautomotive.com,4,Cyera,External,Less than half,0,4,4
jacprod.com,4,Cyera,External,Less than half,0,4,4
kirchoff-automotive.com,4,Cyera,External,Less than half,0,4,4
lamborghini.com,4,Cyera,External,Less than half,0,4,4
landor.com,4,Cyera,External,Less than half,0,4,4
meridian.co.uk,4,Cyera,External,More than half,4,1,5
mubea.com,4,Cyera,External,Less than half,0,4,4
novem.com,4,Cyera,External,More than half,2,2,4
porsche-engineering.ro,4,Cyera,External,More than half,4,0,4
rigidindustries.com,4,Cyera,External,Less than half,0,4,4
rsmus.com,4,Cyera,External,Less than half,1,3,4
southwoodcorp.com,4,Cyera,External,Less than half,0,4,4
spal.com,4,Cyera,External,Less than half,0,4,4
spsx.com,4,Cyera,External,More than half,4,0,4
studio2lr.com,4,Cyera,External,Less than half,0,4,4
supind.com,4,Cyera,External,Less than half,1,3,4
surface-controls.com,4,Cyera,External,More than half,4,0,4
techhubps.com,4,Cyera,External,More than half,4,0,4
topyamerica.com,4,Cyera,External,Less than half,1,3,4
tycamericas.com,4,Cyera,External,More than half,4,0,4
voitas.eu,4,Cyera,External,Less than half,0,4,4
weelevate.com,4,Cyera,External,Less than half,0,4,4
witte-automotive.de,4,Cyera,External,Less than half,0,4,4
wmevents.com,4,Cyera,External,Less than half,0,4,4
yamaha.com,4,Cyera,External,Less than half,0,5,5
zlc-na.com,4,Cyera,External,Less than half,0,4,4
actemium.com,3,Cyera,External,Less than half,0,3,3
agpglass.com,3,Cyera,External,Less than half,0,3,3
alparmetal.com.tr,3,Cyera,External,Less than half,0,3,3
aludyne.com,3,Cyera,External,Less than half,0,3,3
ascentgl.net,3,Cyera,External,Less than half,0,3,3
ascentlogistics.com,3,Cyera,External,Less than half,0,3,3
asi.com,3,Cyera,External,Less than half,0,3,3
bcs-ais.com,3,Cyera,External,Less than half,0,3,3
bentley.co.uk,3,Cyera,External,Less than half,0,3,3
bitron.com,3,Cyera,External,Less than half,0,3,3
bps.cpa,3,Cyera,External,More than half,2,1,3
carvana.com,3,Cyera,External,Less than half,0,3,3
cn-sps.com,3,Cyera,External,Less than half,0,3,3
cntrline.com,3,Cyera,External,Less than half,0,3,3
c-p-s-us.com,3,Cyera,External,More than half,2,1,3
daewon21.co.kr,3,Cyera,External,Less than half,0,3,3
dncompany.com,3,Cyera,External,Less than half,0,3,3
duckercarlisle.com,3,Cyera,External,Less than half,0,3,3
dy-us.com,3,Cyera,External,Less than half,0,3,3
efs.at,3,Cyera,External,Less than half,1,2,3
eisenmann.com,3,Cyera,External,Less than half,0,3,3
eldecoinc.com,3,Cyera,External,More than half,2,2,4
flexitech.com,3,Cyera,External,Less than half,0,3,3
frog.co,3,Cyera,External,Less than half,0,3,3
going-there.com,3,Cyera,External,Less than half,0,3,3
helag-electronic.de,3,Cyera,External,Less than half,0,5,5
heyco.de,3,Cyera,External,Less than half,2,3,5
hls2.com,3,Cyera,External,Less than half,0,3,3
howardhannatate.com,3,Cyera,External,Less than half,0,3,3
hyundai-transys.com,3,Cyera,External,Less than half,0,3,3
iav-usa.com,3,Cyera,External,Less than half,0,3,3
iljin.com,3,Cyera,External,Less than half,0,3,3
ilpea.com,3,Cyera,External,Less than half,0,3,3
iris-worldwide.com,3,Cyera,External,Less than half,0,3,3
italdesign-usa.com,3,Cyera,External,Less than half,0,3,3
kiekert.com,3,Cyera,External,Less than half,0,3,3
kon-cept.at,3,Cyera,External,More than half,3,2,5
lantzlawgroup.com,3,Cyera,External,Less than half,0,3,3
leathermex.com,3,Cyera,External,Less than half,1,2,3
locomotive.ca,3,Cyera,External,Less than half,0,3,3
maflow.com,3,Cyera,External,Less than half,0,3,3
marelli.com,3,Cyera,External,Less than half,0,3,3
mergon.com,3,Cyera,External,Less than half,0,3,3
midlandstech.edu,3,Cyera,External,More than half,3,0,3
nexforminc.com,3,Cyera,External,Less than half,0,3,3
nsg.com,3,Cyera,External,Less than half,0,3,3
outlook.de,3,Cyera,External,Less than half,0,3,3
roechling.com,3,Cyera,External,More than half,3,0,3
rofa-polska.pl,3,Cyera,External,More than half,5,0,5
root.global,3,Cyera,External,Less than half,0,3,3
rulebook.ai,3,Cyera,External,Less than half,0,3,3
samsung.com,3,Cyera,External,Less than half,0,3,3
sanhuagroup.com,3,Cyera,External,Less than half,0,3,3
sat-sterling.com,3,Cyera,External,More than half,3,0,3
schaeffler.com,3,Cyera,External,Less than half,0,3,3
sebn.com,3,Cyera,External,Less than half,0,3,3
segulagrp.com,3,Cyera,External,More than half,3,0,3
sipuc.de,3,Cyera,External,More than half,3,0,3
soti.net,3,Cyera,External,Less than half,0,3,3
spencer-thomas.com,3,Cyera,External,More than half,3,0,3
spglobal.com,3,Cyera,External,Less than half,0,3,3
strattec.com,3,Cyera,External,Less than half,0,3,3
superpar.com,3,Cyera,External,Less than half,0,3,3
tdsynnex.com,3,Cyera,External,More than half,3,0,3
tedsonindustries.com,3,Cyera,External,Less than half,0,3,3
tycautoparts.com,3,Cyera,External,More than half,3,0,3
up.partners,3,Cyera,External,Less than half,0,3,3
us.gestamp.com,3,Cyera,External,Less than half,0,3,3
160over90.com,2,Cyera,External,Less than half,0,2,2
acht.studio,2,Cyera,External,Less than half,0,2,2
aft-automotive.de,2,Cyera,External,Less than half,0,2,2
alaconsultinggroup.com,2,Cyera,External,Less than half,0,2,2
almac.co.kr,2,Cyera,External,Less than half,0,2,2
amdt.com,2,Cyera,External,More than half,2,0,2
ammicon.de,2,Cyera,External,More than half,2,0,2
aol.com,2,Cyera,External,Less than half,0,28,28
aria-group.com,2,Cyera,External,Less than half,0,2,2
arotechnologies.com,2,Cyera,External,Less than half,0,2,2
artiflexmfg.com,2,Cyera,External,Less than half,0,2,2
atnusa.com,2,Cyera,External,More than half,2,0,2
austin-ind.com,2,Cyera,External,Less than half,0,2,2
avgauge.com,2,Cyera,External,Less than half,0,2,2
axaxl.com,2,Cyera,External,More than half,2,0,2
bakerlaw.com,2,Cyera,External,Less than half,1,2,3
berylls.com,2,Cyera,External,Less than half,0,2,2
bodegavirtual.io,2,Cyera,External,More than half,2,0,2
borgwarner.com,2,Cyera,External,Less than half,0,2,2
bosch.com,2,Cyera,External,More than half,57,29,86
brembo.com,2,Cyera,External,Less than half,0,11,11
bwigroup.com,2,Cyera,External,Less than half,0,2,2
calspan.com,2,Cyera,External,More than half,2,0,2
carlex.com,2,Cyera,External,Less than half,0,2,2
cctaifu.com,2,Cyera,External,Less than half,0,2,2
cdw.com,2,Cyera,External,Less than half,0,2,2
cebibrasil.com.br,2,Cyera,External,Less than half,0,2,2
chesa.com,2,Cyera,External,Less than half,0,2,2
cncaea.cn,2,Cyera,External,Less than half,0,2,2
cobblestonelandco.com,2,Cyera,External,Less than half,0,2,2
completeco.com,2,Cyera,External,Less than half,0,2,2
contigo-consulting.com,2,Cyera,External,More than half,2,0,2
cottoncandy.com,2,Cyera,External,Less than half,0,2,2
cousins.com,2,Cyera,External,Less than half,0,2,2
databricks.com,2,Cyera,External,Less than half,0,2,2
dmwcc.com,2,Cyera,External,Less than half,0,2,2
draexlmaier.com,2,Cyera,External,Less than half,0,2,2
eberspaecher.com,2,Cyera,External,Less than half,0,2,2
edscha.com,2,Cyera,External,Less than half,0,2,2
eliteautomation1.com,2,Cyera,External,Less than half,0,2,2
engagestar.com,2,Cyera,External,Less than half,0,2,2
eventlinkgroup.com,2,Cyera,External,Less than half,0,2,2
fraenkische-cz.com,2,Cyera,External,Less than half,0,2,2
fraenkische-usa.com,2,Cyera,External,Less than half,0,2,2
fuyaousa.com,2,Cyera,External,Less than half,0,2,2
g-dc-inc.com,2,Cyera,External,More than half,1,1,2
gestamp.com,2,Cyera,External,Less than half,0,5,5
gha-associates.com,2,Cyera,External,More than half,2,0,2
gmobis.com,2,Cyera,External,Less than half,0,2,2
gmx.de,2,Cyera,External,Less than half,0,2,2
gokenamerica.com,2,Cyera,External,Less than half,0,2,2
goodsam.com,2,Cyera,External,Less than half,0,2,2
gotion.com.cn,2,Cyera,External,Less than half,0,2,2
gruposese.com,2,Cyera,External,Less than half,0,2,2
haleyaldrich.com,2,Cyera,External,Less than half,0,2,2
handtmann.de,2,Cyera,External,Less than half,0,2,2
hanonsystems.com,2,Cyera,External,Less than half,0,2,2
hansaemobility.com,2,Cyera,External,More than half,2,0,2
helpsystems.com,2,Cyera,External,Less than half,0,2,2
hennigesautomotive.com,2,Cyera,External,Less than half,0,2,2
hihomexico.com.mx,2,Cyera,External,Less than half,0,2,2
hongteo.com.cn,2,Cyera,External,Less than half,0,2,2
ibo-group.com,2,Cyera,External,More than half,1,1,2
icloud.com,2,Cyera,External,Less than half,0,84,84
idealtech.us,2,Cyera,External,Less than half,0,2,2
inpro-electric.de,2,Cyera,External,More than half,1,1,2
itwgtr.com,2,Cyera,External,Less than half,0,2,2
kayserautomotive.com,2,Cyera,External,Less than half,0,2,2
kbsala.com,2,Cyera,External,Less than half,0,2,2
kirpart.com.tr,2,Cyera,External,Less than half,0,2,2
kosal.com,2,Cyera,External,More than half,2,0,2
kreuinnovation.com,2,Cyera,External,Less than half,0,2,2
lincolnelectric.com,2,Cyera,External,Less than half,0,2,2
lodige.com,2,Cyera,External,More than half,6,0,6
logiman.de,2,Cyera,External,More than half,2,0,2
lsautomotive.com,2,Cyera,External,Less than half,0,2,2
macrix.eu,2,Cyera,External,More than half,2,0,2
malorg.de,2,Cyera,External,More than half,2,0,2
materialsciencecorp.com,2,Cyera,External,Less than half,0,2,2
merit-automotive.com,2,Cyera,External,Less than half,0,2,2
merrillsteel.com,2,Cyera,External,Less than half,0,2,2
modernpolymers.com,2,Cyera,External,More than half,1,1,2
morath.net,2,Cyera,External,More than half,2,0,2
motherson.com,2,Cyera,External,More than half,1,1,2
muthco.com,2,Cyera,External,Less than half,0,2,2
mx.brembo.com,2,Cyera,External,Less than half,0,2,2
mx.truck-lite.com,2,Cyera,External,Less than half,0,2,2
na.denso.com,2,Cyera,External,Less than half,0,2,2
nimblebrain.ai,2,Cyera,External,More than half,2,0,2
nmbtc.com,2,Cyera,External,Less than half,0,2,2
nvhk.onmicrosoft.com,2,Cyera,External,Less than half,0,2,2
ogletree.com,2,Cyera,External,Less than half,0,2,2
pasubio.com,2,Cyera,External,Less than half,0,2,2
pcscustomtraining.com,2,Cyera,External,Less than half,0,2,2
pemnet.com,2,Cyera,External,Less than half,0,2,2
plasticomnium.com,2,Cyera,External,Less than half,0,2,2
premiumsoundsolutions.com,2,Cyera,External,Less than half,0,3,3
presidio.com,2,Cyera,External,Less than half,0,2,2
prestigeeng.com,2,Cyera,External,Less than half,0,2,2
pull.systems,2,Cyera,External,Less than half,0,2,2
purem.com,2,Cyera,External,Less than half,0,2,2
qinlox.com,2,Cyera,External,More than half,2,0,2
ramp-space.com,2,Cyera,External,Less than half,0,2,2
rema-gmbh.net,2,Cyera,External,Less than half,0,2,2
rhinotoolhouse.com,2,Cyera,External,Less than half,0,2,2
richlandcountysc.gov,2,Cyera,External,Less than half,0,2,2
rivian.com,2,Cyera,External,Less than half,0,2,2
sbdinc.com,2,Cyera,External,Less than half,0,2,2
scherdel.com,2,Cyera,External,Less than half,0,2,2
sellhorn-hamburg.de,2,Cyera,External,More than half,2,0,2
shapecorp.com,2,Cyera,External,Less than half,0,2,2
shbna.com,2,Cyera,External,Less than half,0,2,2
stabilus.com,2,Cyera,External,Less than half,0,2,2
standardprofil.com,2,Cyera,External,Less than half,0,2,2
storeypm.com,2,Cyera,External,More than half,1,1,2
strama-mps.us,2,Cyera,External,Less than half,0,2,2
sturm-gruppe.com,2,Cyera,External,Less than half,0,2,2
supp.ly,2,Cyera,External,Less than half,0,2,2
tecna-usa.com,2,Cyera,External,Less than half,0,2,2
thaisummit.com,2,Cyera,External,Less than half,0,2,2
theatlantic.com,2,Cyera,External,Less than half,0,2,2
tifs.com,2,Cyera,External,Less than half,0,2,2
topqm.com,2,Cyera,External,Less than half,0,2,2
trimech.com,2,Cyera,External,More than half,2,0,2
trinityconsultants.com,2,Cyera,External,Less than half,0,2,2
ttci.ca,2,Cyera,External,Less than half,0,2,2
vero-watch.com,2,Cyera,External,Less than half,0,2,2
vitro.com,2,Cyera,External,Less than half,0,2,2
volkswagen.sk,2,Cyera,External,Less than half,2,3,5
vorwerk-automotive.mx,2,Cyera,External,Less than half,0,2,2
voya.com,2,Cyera,External,More than half,2,0,2
vwfs.com,2,Cyera,External,Less than half,0,2,2
vwgk.co.kr,2,Cyera,External,More than half,1,1,2
vwimmobilien.de,2,Cyera,External,Less than half,0,2,2
vw-navarra.es,2,Cyera,External,More than half,1,1,2
waupacafoundry.com,2,Cyera,External,Less than half,0,2,2
withspinoza.com,2,Cyera,External,Less than half,0,2,2
xandor.com,2,Cyera,External,Less than half,0,2,2
2022consulting.com,1,Cyera,External,Less than half,0,1,1
3dscanit.com,1,Cyera,External,Less than half,0,1,1
4rivers-engineering.com,1,Cyera,External,More than half,1,0,1
7thsr.com,1,Cyera,External,Less than half,0,1,1
accurcast.com,1,Cyera,External,Less than half,0,1,1
acpcnet.org,1,Cyera,External,Less than half,0,1,1
adacautotive.com,1,Cyera,External,Less than half,0,1,1
adaptivgs.com,1,Cyera,External,Less than half,0,1,1
adlerpelzer.com,1,Cyera,External,Less than half,0,1,1
admin.sc.gov,1,Cyera,External,Less than half,0,1,1
afsamerica.co.kr,1,Cyera,External,Less than half,0,1,1
aftbz.de,1,Cyera,External,Less than half,0,1,1
aft-group.de,1,Cyera,External,Less than half,0,1,1
ahc-gmbh.de,1,Cyera,External,More than half,2,0,2
aircom.ag,1,Cyera,External,Less than half,0,1,1
ai-technologie.com,1,Cyera,External,Less than half,0,1,1
aiut.com,1,Cyera,External,Less than half,0,1,1
allanportilho.com,1,Cyera,External,Less than half,0,1,1
alparmetals.com,1,Cyera,External,Less than half,0,1,1
amer.teams.ms,1,Cyera,External,Less than half,0,1,1
ams-osram.com,1,Cyera,External,Less than half,0,1,1
anandnvh.com,1,Cyera,External,Less than half,0,1,1
apm-sc.com,1,Cyera,External,More than half,1,0,1
apogeepart.com,1,Cyera,External,Less than half,0,1,1
aptiv.com,1,Cyera,External,Less than half,0,1,1
atlassian.net,1,Cyera,External,Less than half,0,2,2
att.net,1,Cyera,External,Less than half,0,13,13
audi.com,1,Cyera,External,Less than half,0,1,1
auomsc.com,1,Cyera,External,Less than half,0,1,1
avanade.com,1,Cyera,External,Less than half,0,1,1
avantegardewheels.com,1,Cyera,External,Less than half,0,1,1
avantgardewheels.com,1,Cyera,External,Less than half,0,1,1
avl.com,1,Cyera,External,Less than half,0,1,1
aws-ce.com,1,Cyera,External,Less than half,0,1,1
babstcalland.com,1,Cyera,External,Less than half,0,1,1
bader-leather.com,1,Cyera,External,Less than half,0,1,1
bader.media,1,Cyera,External,Less than half,0,1,1
baoduncoltd.com,1,Cyera,External,Less than half,0,1,1
batz.com,1,Cyera,External,More than half,1,0,1
bellsouth.net,1,Cyera,External,Less than half,0,4,4
benedict.edu,1,Cyera,External,Less than half,0,1,1
benefitfocus.com,1,Cyera,External,More than half,1,0,1
benpham.co,1,Cyera,External,Less than half,0,1,1
bitron.group,1,Cyera,External,Less than half,0,1,1
bluefirellc.com,1,Cyera,External,Less than half,0,1,1
bp.music.yamaha.com,1,Cyera,External,Less than half,0,1,1
brownworksllc.com,1,Cyera,External,Less than half,0,1,1
bss-bohnenberg.de,1,Cyera,External,More than half,1,0,1
bss-logisq.com,1,Cyera,External,More than half,1,0,1
cablecraft.com,1,Cyera,External,More than half,1,0,1
cadwell.de,1,Cyera,External,More than half,1,0,1
cajpllc.com,1,Cyera,External,Less than half,0,1,1
caresoftglobal.com,1,Cyera,External,Less than half,0,1,1
carstudio.it,1,Cyera,External,More than half,1,0,1
carstudio.us,1,Cyera,External,More than half,1,0,1
carthane.com,1,Cyera,External,Less than half,0,1,1
cdstrategies.net,1,Cyera,External,More than half,1,0,1
centralconveyor.com,1,Cyera,External,Less than half,0,1,1
cesconsulting.com,1,Cyera,External,Less than half,0,1,1
cgdetroit.com,1,Cyera,External,Less than half,0,1,1
changer-dresser.com,1,Cyera,External,Less than half,0,1,1
charter.net,1,Cyera,External,Less than half,0,1,1
cibtvisas.com,1,Cyera,External,Less than half,0,1,1
ciemgroup.com,1,Cyera,External,Less than half,0,1,1
clariencetechnologies.com,1,Cyera,External,Less than half,0,1,1
coavis.com,1,Cyera,External,Less than half,0,1,1
c-p-s.de,1,Cyera,External,More than half,1,1,2
cranedesign.co,1,Cyera,External,Less than half,0,1,1
creative-wave.com,1,Cyera,External,Less than half,0,1,1
ctcharlton.com,1,Cyera,External,Less than half,0,1,1
deepdrive.tech,1,Cyera,External,Less than half,0,1,1
demmel-inc.com,1,Cyera,External,More than half,1,0,1
dengensha.com,1,Cyera,External,Less than half,0,1,1
dominionenergy.com,1,Cyera,External,Less than half,0,1,1
dreso.com,1,Cyera,External,Less than half,0,1,1
drgsound.com,1,Cyera,External,More than half,1,0,1
drsystems.com,1,Cyera,External,Less than half,0,1,1
ecadia.de,1,Cyera,External,Less than half,0,1,1
edag.de,1,Cyera,External,Less than half,0,1,1
edsca.com,1,Cyera,External,Less than half,0,1,1
efcusa.com,1,Cyera,External,Less than half,0,1,1
ekatec.de,1,Cyera,External,More than half,1,0,1
eketec.de,1,Cyera,External,More than half,1,0,1
electrifyamerica.com,1,Cyera,External,More than half,1,0,1
email.sc.edu,1,Cyera,External,Less than half,0,3,3
engineer.com,1,Cyera,External,Less than half,0,1,1
eoi.com.tw,1,Cyera,External,Less than half,0,1,1
eu.denso.com,1,Cyera,External,Less than half,0,1,1
external.forvia.com,1,Cyera,External,Less than half,0,1,1
fagorederlan.de,1,Cyera,External,Less than half,0,1,1
fagorederlan.es,1,Cyera,External,Less than half,0,1,1
fairchildind.com,1,Cyera,External,Less than half,0,1,1
fanucamerica.com,1,Cyera,External,More than half,2,0,2
feegroup.com,1,Cyera,External,More than half,1,0,1
feinhals-melle.de,1,Cyera,External,More than half,1,0,1
firstbrandsgroup.com,1,Cyera,External,Less than half,0,1,1
flophouseproductions.com,1,Cyera,External,More than half,1,0,1
fmcgermany.de,1,Cyera,External,Less than half,0,1,1
forgeproductions.net,1,Cyera,External,Less than half,0,1,1
fortra.com,1,Cyera,External,Less than half,0,1,1
freg.com,1,Cyera,External,Less than half,0,1,1
frpartners.net,1,Cyera,External,More than half,1,0,1
ftc-i.net,1,Cyera,External,More than half,1,0,1
gallagher-kaiser.de,1,Cyera,External,More than half,1,0,1
genesyscorp.net,1,Cyera,External,Less than half,0,1,1
getmaintainx.com,1,Cyera,External,Less than half,0,1,1
go2eventlink.com,1,Cyera,External,Less than half,0,1,1
godestinationservices.com,1,Cyera,External,Less than half,0,1,1
goodinspecialneedsplanning.com,1,Cyera,External,Less than half,0,1,1
gpj.com,1,Cyera,External,Less than half,0,1,1
gregoryelectric.com,1,Cyera,External,Less than half,0,1,1
griermail.com,1,Cyera,External,Less than half,0,1,1
grupoantolin.com,1,Cyera,External,More than half,1,0,1
guardianalarm.com,1,Cyera,External,Less than half,0,1,1
g-ushin.com,1,Cyera,External,Less than half,0,1,1
hairobotics.com,1,Cyera,External,Less than half,0,1,1
haklimnet.onmicrosoft.com,1,Cyera,External,Less than half,0,1,1
hbkworld.com,1,Cyera,External,Less than half,0,1,1
hc-kunststoffwerk.de,1,Cyera,External,Less than half,0,1,1
headwalldesign.com,1,Cyera,External,Less than half,0,1,1
heritagelandcare.com,1,Cyera,External,Less than half,0,1,1
hocr.org,1,Cyera,External,Less than half,0,1,1
horian.com,1,Cyera,External,Less than half,0,1,1
hprconsulting.net,1,Cyera,External,More than half,1,0,1
hugeinc.com,1,Cyera,External,Less than half,0,1,1
humaneticsgroup.com,1,Cyera,External,Less than half,0,1,1
icemi.com,1,Cyera,External,Less than half,0,1,1
icg-intl.com,1,Cyera,External,Less than half,0,1,1
img.com,1,Cyera,External,Less than half,0,1,1
infotrustllc.com,1,Cyera,External,Less than half,0,1,1
inpro-electric.com,1,Cyera,External,Less than half,0,1,1
international.com,1,Cyera,External,Less than half,0,1,1
intrepidcs.com,1,Cyera,External,Less than half,0,1,1
ipi.com,1,Cyera,External,Less than half,0,1,1
ipi-international.com,1,Cyera,External,Less than half,0,1,1
ipsos.com,1,Cyera,External,Less than half,0,1,1
italdesign.es,1,Cyera,External,Less than half,0,1,1
jaser.llc,1,Cyera,External,Less than half,0,1,1
jn4.de,1,Cyera,External,Less than half,0,1,1
johnsonelectric.com,1,Cyera,External,Less than half,0,1,1
jrautomation.com,1,Cyera,External,Less than half,0,1,1
kardex.com,1,Cyera,External,Less than half,0,1,1
kayser-automotoive.com,1,Cyera,External,More than half,1,0,1
keysight.com,1,Cyera,External,More than half,1,0,1
kirchhoff-automotive.com,1,Cyera,External,Less than half,0,1,1
kpisolutions.com,1,Cyera,External,Less than half,0,1,1
kpit.com,1,Cyera,External,More than half,1,1,2
kslaw.com,1,Cyera,External,Less than half,0,1,1
kuhoff.com,1,Cyera,External,More than half,1,0,1
lepikdaniel.com,1,Cyera,External,Less than half,0,1,1
liberty-bank.com,1,Cyera,External,Less than half,0,1,1
lightshiprv.com,1,Cyera,External,Less than half,0,1,1
loesch.de,1,Cyera,External,Less than half,0,1,1
macneillcc.com,1,Cyera,External,Less than half,0,1,1
manga.com,1,Cyera,External,Less than half,0,1,1
manzcc.com,1,Cyera,External,Less than half,0,1,1
mataauto.com,1,Cyera,External,Less than half,0,1,1
mbn-automotive.com,1,Cyera,External,Less than half,0,1,1
mecbuildingcontrols.com,1,Cyera,External,Less than half,0,1,1
me.com,1,Cyera,External,Less than half,1,28,29
medwayus.com,1,Cyera,External,Less than half,0,1,1
mercocon.com,1,Cyera,External,More than half,1,0,1
meridian-mag.com,1,Cyera,External,Less than half,0,1,1
metalab.com,1,Cyera,External,Less than half,0,1,1
mfi-lb.de,1,Cyera,External,Less than half,0,1,1
michaelskoz.com,1,Cyera,External,More than half,1,0,1
milcomfg.com,1,Cyera,External,Less than half,0,1,1
mino-automation.com,1,Cyera,External,Less than half,0,1,1
mi.rr.com,1,Cyera,External,More than half,1,0,1
mndmanufacturing.com,1,Cyera,External,Less than half,0,1,1
mobis.co.kr,1,Cyera,External,Less than half,0,1,1
montaplast.com,1,Cyera,External,More than half,1,1,2
morgan-corp.com,1,Cyera,External,Less than half,0,1,1
msn.com,1,Cyera,External,Less than half,0,17,17
mst-na.com,1,Cyera,External,Less than half,0,1,1
mtccorp.us,1,Cyera,External,Less than half,0,1,1
multiformer.de,1,Cyera,External,More than half,1,0,1
mvpcreative.com,1,Cyera,External,Less than half,0,1,1
na.nbhx.com,1,Cyera,External,Less than half,0,1,1
netcsd.com,1,Cyera,External,Less than half,0,1,1
newmoon.com,1,Cyera,External,Less than half,0,1,1
new-moon.comq,1,Cyera,External,More than half,1,0,1
ogletreedeakins.com,1,Cyera,External,Less than half,0,1,1
oho-holland.de,1,Cyera,External,More than half,1,0,1
omnex.com,1,Cyera,External,Less than half,0,1,1
orgshakers.com,1,Cyera,External,Less than half,0,1,1
osu.edu,1,Cyera,External,Less than half,0,1,1
parker.com,1,Cyera,External,Less than half,0,1,1
phoenixaudiovisualinc.com,1,Cyera,External,Less than half,0,1,1
porsche.us,1,Cyera,External,Less than half,0,1,1
powerco.ca,1,Cyera,External,More than half,1,0,1
ppclocationsolutions.com,1,Cyera,External,Less than half,0,1,1
proficientindustrial.com,1,Cyera,External,Less than half,0,1,1
prprei.com,1,Cyera,External,Less than half,0,1,1
purfluxgroup.com,1,Cyera,External,Less than half,0,1,1
pxnd.net,1,Cyera,External,Less than half,0,1,1
ramp.com,1,Cyera,External,Less than half,0,1,1
rciscinc.com,1,Cyera,External,Less than half,0,1,1
rehau.com,1,Cyera,External,Less than half,0,1,1
rema-gmbh.eu,1,Cyera,External,Less than half,0,1,1
rethinkcomplianceco.com,1,Cyera,External,Less than half,0,1,1
ridefox.com,1,Cyera,External,Less than half,0,1,1
rightpoint.com,1,Cyera,External,More than half,1,0,1
rocketmail.com,1,Cyera,External,Less than half,0,1,1
rofacloud.onmicrosoft.com,1,Cyera,External,More than half,1,0,1
roushnet.com,1,Cyera,External,Less than half,0,1,1
ruppertcompanies.com,1,Cyera,External,More than half,1,0,1
sames.com,1,Cyera,External,Less than half,0,1,1
sanhua-autous.com,1,Cyera,External,Less than half,0,1,1
satven.com,1,Cyera,External,Less than half,0,1,1
schiller.de,1,Cyera,External,Less than half,0,1,1
schwabind.com,1,Cyera,External,Less than half,0,1,1
scissortailcs.com,1,Cyera,External,Less than half,0,1,1
scoutmotors.atlassian.net,1,Cyera,External,Less than half,0,1,1
scoutmotorsplant.onmicrosoft.com,1,Cyera,External,More than half,1,0,1
scoutors.com,1,Cyera,External,Less than half,0,1,1
sc.rr.com,1,Cyera,External,Less than half,0,1,1
scsconcept.com,1,Cyera,External,More than half,1,0,1
sdistributors.com,1,Cyera,External,Less than half,0,1,1
segulargrp.com,1,Cyera,External,More than half,1,0,1
segula-usa.com,1,Cyera,External,More than half,1,0,1
sentientcreative.ca,1,Cyera,External,Less than half,0,1,1
sfdstudio.com,1,Cyera,External,Less than half,0,1,1
shl-ing.com,1,Cyera,External,Less than half,0,1,1
signata.com,1,Cyera,External,Less than half,0,1,1
sjg-sejong.com,1,Cyera,External,Less than half,0,1,1
skylineplastics.com,1,Cyera,External,More than half,1,0,1
slalom.com,1,Cyera,External,More than half,1,0,1
smith-howard.com,1,Cyera,External,More than half,2,1,3
sodecia.cpom,1,Cyera,External,Less than half,0,1,1
specproj.com,1,Cyera,External,Less than half,0,1,1
srgglobal.com,1,Cyera,External,Less than half,0,1,1
ssoprod.com,1,Cyera,External,Less than half,0,1,1
standardfusion.com,1,Cyera,External,Less than half,0,1,1
state.co.us,1,Cyera,External,Less than half,0,1,1
s-tec.at,1,Cyera,External,Less than half,0,1,1
swj-machining.com,1,Cyera,External,More than half,1,0,1
swj-us.com,1,Cyera,External,More than half,1,0,1
t-brockhaus.de,1,Cyera,External,Less than half,0,1,1
t-brockhause.de,1,Cyera,External,Less than half,0,1,1
tecna.net,1,Cyera,External,Less than half,0,1,1
tekautomotive.com,1,Cyera,External,Less than half,0,1,1
tenneco.com,1,Cyera,External,Less than half,0,1,1
theoakwoodgroup.com,1,Cyera,External,Less than half,0,1,1
thomsonreuters.com,1,Cyera,External,Less than half,0,1,1
tjsnow.com,1,Cyera,External,Less than half,0,1,1
t-online.de,1,Cyera,External,Less than half,0,1,1
trademakrvisuals.com,1,Cyera,External,Less than half,0,1,1
trahanphoto.com,1,Cyera,External,Less than half,0,1,1
transysusa.com,1,Cyera,External,Less than half,0,1,1
travers.com,1,Cyera,External,Less than half,0,1,1
tripletelec.com,1,Cyera,External,More than half,1,0,1
twmi.rr.com,1,Cyera,External,More than half,1,0,1
us.sika.com,1,Cyera,External,More than half,1,0,1
utilidata.com,1,Cyera,External,Less than half,0,1,1
varnumlaw.com,1,Cyera,External,More than half,1,0,1
vector.com,1,Cyera,External,Less than half,0,1,1
volkeswagen.de,1,Cyera,External,Less than half,0,1,1
volksagen.de,1,Cyera,External,More than half,1,0,1
volkswagen.com.cn,1,Cyera,External,Less than half,0,1,1
volkwagen.de,1,Cyera,External,Less than half,0,1,1
volskwagen.de,1,Cyera,External,Less than half,0,1,1
voss.net,1,Cyera,External,Less than half,0,1,1
vw.vwgroup.com,1,Cyera,External,Less than half,0,1,1
waguest.com,1,Cyera,External,Less than half,0,1,1
wallbridge.com,1,Cyera,External,Less than half,0,1,1
walmart.com,1,Cyera,External,Less than half,0,1,1
wearekettle.com,1,Cyera,External,Less than half,0,1,1
wegu.de,1,Cyera,External,Less than half,0,1,1
winslowtg.com,1,Cyera,External,Less than half,0,4,4
woodbridgegroup.com,1,Cyera,External,Less than half,0,1,1
work.co,1,Cyera,External,Less than half,0,1,1
yahoo.con,1,Cyera,External,Less than half,0,1,1
yandex.ru,1,Cyera,External,Less than half,0,1,1
zao-automation.de,1,Cyera,External,More than half,1,0,1
163.com,0,Cyera,External,Less than half,0,1,1
22shapes.com,0,Cyera,External,Less than half,0,1,1
30acpa.com,0,Cyera,External,Less than half,0,1,1
adauto.ae,0,Cyera,External,Less than half,0,1,1
adobesign.com,0,Cyera,External,Less than half,0,1,1
afmforest.com,0,Cyera,External,Less than half,0,1,1
ahi.org.ng,0,Cyera,External,Less than half,0,1,1
aislaparq.com,0,Cyera,External,Less than half,0,1,1
akch.net,0,Cyera,External,Less than half,0,1,1
alansouter.com,0,Cyera,External,Less than half,0,1,1
alliedpavers.com,0,Cyera,External,Less than half,0,1,1
almullagroup.com,0,Cyera,External,Less than half,0,1,1
altair.com,0,Cyera,External,More than half,0,0,0
alum.drexel.edu,0,Cyera,External,Less than half,0,1,1
alvinequipment.com,0,Cyera,External,Less than half,0,1,1
apexcapitalcorp.com,0,Cyera,External,Less than half,0,1,1
apexvistaventures.com,0,Cyera,External,Less than half,0,1,1
appzglobaltech.com,0,Cyera,External,Less than half,0,1,1
archspace.ae,0,Cyera,External,Less than half,0,1,1
army.mil,0,Cyera,External,Less than half,0,2,2
ashresource.com,0,Cyera,External,Less than half,0,1,1
atlantaga.gov,0,Cyera,External,Less than half,0,1,1
audiencr-agency.cc,0,Cyera,External,Less than half,0,1,1
b2bupdatedlist.com,0,Cyera,External,Less than half,0,1,1
b34phase1.com,0,Cyera,External,Less than half,0,1,1
bartlitbeck.com,0,Cyera,External,Less than half,0,1,1
basketstudios.com,0,Cyera,External,Less than half,0,1,1
bdgelite.com,0,Cyera,External,Less than half,0,1,1
beachautocollision.com,0,Cyera,External,Less than half,0,1,1
beckerboards.com,0,Cyera,External,Less than half,0,1,1
bellevuewa.gov,0,Cyera,External,Less than half,0,1,1
beltwaycompanies.com,0,Cyera,External,Less than half,0,1,1
besarinvestment.com,0,Cyera,External,Less than half,0,1,1
biagi.it,0,Cyera,External,Less than half,0,1,1
blujayrobotics.com,0,Cyera,External,Less than half,0,1,1
brasfieldgorrie.com,0,Cyera,External,Less than half,0,1,1
breedlovehome.com,0,Cyera,External,Less than half,0,1,1
brightexpos.com,0,Cyera,External,Less than half,0,1,1
business.doorm.ai,0,Cyera,External,Less than half,0,1,1
cachemarine.com,0,Cyera,External,Less than half,0,1,1
canton-logistics.com,0,Cyera,External,Less than half,0,1,1
capefearcustoms.com,0,Cyera,External,Less than half,0,1,1
capsity.com,0,Cyera,External,Less than half,0,1,1
carcraftstl.com,0,Cyera,External,Less than half,0,1,1
carolinacreekbath.com,0,Cyera,External,Less than half,0,1,1
carolrodgerstravel.com,0,Cyera,External,Less than half,0,1,1
casaleag.com,0,Cyera,External,Less than half,0,1,1
cascadiaequine.com,0,Cyera,External,Less than half,0,1,1
caylusmgmt.com,0,Cyera,External,Less than half,0,1,1
c-basket.com,0,Cyera,External,Less than half,0,1,1
ccm.com,0,Cyera,External,Less than half,0,1,1
cfl.rr.com,0,Cyera,External,Less than half,0,1,1
chadsdesignbuild.com,0,Cyera,External,Less than half,0,1,1
charlestonhome.com,0,Cyera,External,Less than half,0,1,1
cheninortho.com,0,Cyera,External,Less than half,0,1,1
choiniere.net,0,Cyera,External,Less than half,0,1,1
chriscasas.com,0,Cyera,External,Less than half,0,1,1
cisco.com,0,Cyera,External,Less than half,0,1,1
cloudview.com,0,Cyera,External,Less than half,0,1,1
clubpilates.com,0,Cyera,External,Less than half,0,1,1
cmconsulting.ca,0,Cyera,External,Less than half,0,1,1
cnnetdomain.net,0,Cyera,External,Less than half,0,1,1
cocinascampos.es,0,Cyera,External,Less than half,0,1,1
cocopallet.com,0,Cyera,External,Less than half,0,1,1
cocopeople.com,0,Cyera,External,Less than half,0,1,1
cogentnext.net,0,Cyera,External,Less than half,0,1,1
cogentnext.us,0,Cyera,External,Less than half,0,3,3
cognitiveconvergence.com,0,Cyera,External,Less than half,0,1,1
colchasconcord.com.mx,0,Cyera,External,Less than half,0,1,1
colmobil.co.il,0,Cyera,External,Less than half,0,1,1
combined.com,0,Cyera,External,Less than half,0,1,1
comcast.net,0,Cyera,External,Less than half,0,23,23
cosleyandcosley.com,0,Cyera,External,Less than half,0,1,1
countryandseaweed.com,0,Cyera,External,Less than half,0,1,1
cox.net,0,Cyera,External,Less than half,0,4,4
cpanel.com,0,Cyera,External,Less than half,0,1,1
daltonfin.com,0,Cyera,External,Less than half,0,1,1
davidfriddle.com,0,Cyera,External,Less than half,0,1,1
defore.com,0,Cyera,External,Less than half,0,1,1
diffactory.com,0,Cyera,External,Less than half,0,1,1
digitalrainmaker.com,0,Cyera,External,Less than half,0,1,1
dodebo.com,0,Cyera,External,Less than half,0,1,1
dominiceventplaner.com,0,Cyera,External,Less than half,0,1,1
doncnc.com,0,Cyera,External,Less than half,0,1,1
dreamscometrue-events-fr.com,0,Cyera,External,Less than half,0,1,1
driven.com.my,0,Cyera,External,Less than half,0,1,1
drwinkelman.com,0,Cyera,External,Less than half,0,1,1
dtmverse.com,0,Cyera,External,Less than half,0,1,1
duck.com,0,Cyera,External,Less than half,0,1,1
eagleridgecap.com,0,Cyera,External,Less than half,0,1,1
ease-supplierpro.com,0,Cyera,External,Less than half,0,1,1
ecommerceedit.com,0,Cyera,External,Less than half,0,1,1
ekdlaw.com,0,Cyera,External,Less than half,0,1,1
elerts.com,0,Cyera,External,Less than half,0,1,1
email.com,0,Cyera,External,Less than half,0,2,2
email.faire.com,0,Cyera,External,Less than half,0,1,1
empoweredsportsclub.com,0,Cyera,External,Less than half,0,1,1
emsengines.com,0,Cyera,External,Less than half,0,1,1
enternpost.com,0,Cyera,External,Less than half,0,1,1
entreprisesansbtp.eu,0,Cyera,External,Less than half,0,1,1
envelope-architecture.com,0,Cyera,External,Less than half,0,1,1
epix.net,0,Cyera,External,Less than half,0,1,1
equinox-development.com,0,Cyera,External,Less than half,0,1,1
estruckline.net,0,Cyera,External,Less than half,0,1,1
eternalengines.com,0,Cyera,External,Less than half,0,1,1
eurostar.lv,0,Cyera,External,Less than half,0,1,1
eventsbypytha.com,0,Cyera,External,Less than half,0,1,1
evervests.com,0,Cyera,External,Less than half,0,1,1
ewdoyleinc.com,0,Cyera,External,Less than half,0,1,1
expo.asiadigicommerce.com,0,Cyera,External,Less than half,0,5,5
expokey-hotels.com,0,Cyera,External,Less than half,0,1,1
extremenetworks.com,0,Cyera,External,Less than half,0,1,1
faradynesystems.com,0,Cyera,External,Less than half,0,1,1
faratronic.com.cn,0,Cyera,External,Less than half,0,1,1
fastmail.com,0,Cyera,External,Less than half,0,1,1
fatlighterco.com,0,Cyera,External,Less than half,0,1,1
financialguide.com,0,Cyera,External,Less than half,0,1,1
fishandski.com,0,Cyera,External,Less than half,0,1,1
fishershipping.com,0,Cyera,External,Less than half,0,1,1
fletcher.lol,0,Cyera,External,Less than half,0,1,1
flimbex.xyz,0,Cyera,External,Less than half,0,1,1
freightfor.cn,0,Cyera,External,Less than half,0,1,1
gd-prototype.com,0,Cyera,External,Less than half,0,3,3
gebiofuel.com,0,Cyera,External,Less than half,0,1,1
geniusmesh.com,0,Cyera,External,Less than half,0,1,1
globalgardensonline.com,0,Cyera,External,Less than half,0,1,1
gmx.ch,0,Cyera,External,Less than half,0,1,1
gmx.com,0,Cyera,External,Less than half,0,2,2
goodeatshospitality.com,0,Cyera,External,Less than half,0,1,1
googlemail.com,0,Cyera,External,Less than half,0,2,2
goseegraham.com,0,Cyera,External,Less than half,0,1,1
gowinapparel.com,0,Cyera,External,Less than half,0,1,1
gphillipsandsons.com,0,Cyera,External,Less than half,0,1,1
grasshopperfarms.com,0,Cyera,External,Less than half,0,1,1
green.pumo.com.tw,0,Cyera,External,Less than half,0,1,1
greenvillemotorama.com,0,Cyera,External,Less than half,0,1,1
griotsgarage.com,0,Cyera,External,Less than half,0,1,1
hames.tel,0,Cyera,External,Less than half,0,1,1
hanlongroup.ca,0,Cyera,External,Less than half,0,1,1
hayfieldscc.com,0,Cyera,External,Less than half,0,1,1
health.mil,0,Cyera,External,Less than half,0,1,1
hendrickauto.com,0,Cyera,External,Less than half,0,1,1
hey.com,0,Cyera,External,Less than half,0,1,1
hiengineering.com,0,Cyera,External,Less than half,0,1,1
hlhmold.com,0,Cyera,External,Less than half,0,1,1
hoeferpublishing.com,0,Cyera,External,Less than half,0,1,1
hope.edu,0,Cyera,External,Less than half,0,1,1
hyatt.com,0,Cyera,External,Less than half,0,1,1
hystouminipc.com,0,Cyera,External,Less than half,0,1,1
hytfor.com,0,Cyera,External,Less than half,0,1,1
identitysignbuilders.com,0,Cyera,External,Less than half,0,1,1
insurancesolutionsgrp.com,0,Cyera,External,Less than half,0,1,1
insurestrategies.com,0,Cyera,External,Less than half,0,1,1
ip-51-195-18.eu,0,Cyera,External,Less than half,0,1,1
ivw.com.mx,0,Cyera,External,More than half,1,0,1
jamesbeeler.us,0,Cyera,External,Less than half,0,1,1
jimsturman.com,0,Cyera,External,Less than half,0,1,1
johals.net,0,Cyera,External,Less than half,0,1,1
jole.fi,0,Cyera,External,Less than half,0,1,1
jsacounseling.com,0,Cyera,External,Less than half,0,1,1
jservicegroup.com,0,Cyera,External,Less than half,0,1,1
j-silva.com,0,Cyera,External,Less than half,0,1,1
jsrobertson.net,0,Cyera,External,Less than half,0,1,1
juno.com,0,Cyera,External,Less than half,0,1,1
k2conceptsinc.com,0,Cyera,External,Less than half,0,1,1
karkiosk.com,0,Cyera,External,Less than half,0,1,1
kayahandyshop.de,0,Cyera,External,Less than half,0,1,1
kinchitshahmd.com,0,Cyera,External,Less than half,0,1,1
kingpallet.com,0,Cyera,External,Less than half,0,1,1
kircpa.com,0,Cyera,External,Less than half,0,1,1
koreabridging.com,0,Cyera,External,Less than half,0,3,3
kwceola.com,0,Cyera,External,Less than half,0,1,1
kw.com,0,Cyera,External,Less than half,0,2,2
lakere.com,0,Cyera,External,Less than half,0,1,1
lakesideornamental.com,0,Cyera,External,Less than half,0,1,1
lavendrancher.farm,0,Cyera,External,Less than half,0,1,1
leadsdigitalagency.com,0,Cyera,External,Less than half,0,1,1
libertypure.com,0,Cyera,External,Less than half,0,1,1
limbachinc.com,0,Cyera,External,Less than half,0,1,1
liquidplanetmarine.com,0,Cyera,External,Less than half,0,1,1
live.com,0,Cyera,External,Less than half,0,8,8
llnl.gov,0,Cyera,External,Less than half,0,1,1
lmtgyl.com,0,Cyera,External,Less than half,0,1,1
loftinmechanical.com,0,Cyera,External,Less than half,0,1,1
londonlegal.ca,0,Cyera,External,Less than half,0,1,1
mac.com,0,Cyera,External,Less than half,0,21,21
macfrank.studio,0,Cyera,External,Less than half,0,1,1
m.agmticaret.com,0,Cyera,External,Less than half,0,1,1
mail.com,0,Cyera,External,Less than half,0,1,1
mail.excel-tire.com,0,Cyera,External,Less than half,0,1,1
makerofimages.com,0,Cyera,External,Less than half,0,1,1
man27.de,0,Cyera,External,Less than half,0,1,1
marketreachb2b.com,0,Cyera,External,Less than half,0,1,1
matttourangeau.com,0,Cyera,External,Less than half,0,1,1
m.carahsoft.com,0,Cyera,External,Less than half,0,1,1
mdrestore.com,0,Cyera,External,Less than half,0,1,1
menzieselectrical.co.nz,0,Cyera,External,Less than half,0,1,1
micantopizzle.com,0,Cyera,External,Less than half,0,2,2
microsoftonline.com,0,Cyera,External,Less than half,0,1,1
mides-gmbh.com,0,Cyera,External,Less than half,0,1,1
mlcc.com.mx,0,Cyera,External,Less than half,0,1,1
momentousmeetings.com,0,Cyera,External,Less than half,0,1,1
mondicsinsurance.com,0,Cyera,External,Less than half,0,1,1
monne.app,0,Cyera,External,Less than half,0,1,1
morrisranch.net,0,Cyera,External,Less than half,0,1,1
motlaccounting.com,0,Cyera,External,Less than half,0,1,1
mozmail.com,0,Cyera,External,Less than half,0,1,1
multimgroup.store,0,Cyera,External,Less than half,0,1,1
mycity.cards,0,Cyera,External,Less than half,0,1,1
nakamoto.us,0,Cyera,External,Less than half,0,1,1
narsimhan.com,0,Cyera,External,Less than half,0,1,1
nationalmotorsco.com,0,Cyera,External,Less than half,0,1,1
nautilusadv.com,0,Cyera,External,Less than half,0,1,1
naver.com,0,Cyera,External,Less than half,0,1,1
nealand.com,0,Cyera,External,Less than half,0,1,1
neo.co.th,0,Cyera,External,Less than half,0,1,1
neoreef.com,0,Cyera,External,Less than half,0,1,1
nestack.info,0,Cyera,External,Less than half,0,1,1
ninjagraphicwork.com,0,Cyera,External,Less than half,0,1,1
noviclean.ca,0,Cyera,External,Less than half,0,1,1
nucraft.com,0,Cyera,External,Less than half,0,1,1
oakstead.homes,0,Cyera,External,Less than half,0,1,1
oceanoutcasts.com,0,Cyera,External,Less than half,0,1,1
ohanavacations.com,0,Cyera,External,Less than half,0,1,1
omnilogistics.com,0,Cyera,External,Less than half,0,2,2
onemoregeneration.org,0,Cyera,External,Less than half,0,1,1
online.de,0,Cyera,External,Less than half,0,1,1
orishipagency.com,0,Cyera,External,Less than half,0,1,1
outtask.nl,0,Cyera,External,Less than half,0,1,1
pacific.net,0,Cyera,External,Less than half,0,1,1
packetfusion.com,0,Cyera,External,Less than half,0,1,1
peoplepc.com,0,Cyera,External,Less than half,0,2,2
peterbuiltinc.com,0,Cyera,External,Less than half,0,1,1
pfoerringer.de,0,Cyera,External,Less than half,0,1,1
pinklemonadedesigns.com,0,Cyera,External,Less than half,0,1,1
piperweatherford.com,0,Cyera,External,Less than half,0,1,1
pitney.com,0,Cyera,External,Less than half,0,1,1
pjcallaghan.com,0,Cyera,External,Less than half,0,1,1
pm.me,0,Cyera,External,Less than half,0,4,4
powerboostlinkpro.com,0,Cyera,External,Less than half,0,1,1
preciservices.com,0,Cyera,External,Less than half,0,1,1
probusinesstravel.com,0,Cyera,External,Less than half,0,1,1
prodigy.net,0,Cyera,External,Less than half,0,1,1
professionalslist.it.com,0,Cyera,External,Less than half,0,1,1
professionalsmemberslist.org,0,Cyera,External,Less than half,0,1,1
proliancesurgeons.com,0,Cyera,External,Less than half,0,1,1
protonmail.com,0,Cyera,External,Less than half,0,5,5
proton.me,0,Cyera,External,Less than half,0,3,3
qinlolox.com,0,Cyera,External,More than half,0,0,0
quadracommodities.store,0,Cyera,External,Less than half,0,1,1
quickbookingportal.com,0,Cyera,External,Less than half,0,1,1
r3junk.com,0,Cyera,External,Less than half,0,1,1
rana17.com,0,Cyera,External,Less than half,0,1,1
rangebuildersgc.com,0,Cyera,External,Less than half,0,1,1
rarararamez.com,0,Cyera,External,Less than half,0,1,1
realrepdo.info,0,Cyera,External,Less than half,0,1,1
redcoremedical.com,0,Cyera,External,Less than half,0,1,1
reliablemold.com,0,Cyera,External,Less than half,0,1,1
rhf.de,0,Cyera,External,Less than half,0,1,1
rocklyninc.com,0,Cyera,External,Less than half,0,1,1
rogers.com,0,Cyera,External,Less than half,0,1,1
rosenplaza.com,0,Cyera,External,Less than half,0,1,1
rospedia.com,0,Cyera,External,Less than half,0,1,1
royalautomotivegroup.com,0,Cyera,External,Less than half,0,1,1
rramerica.us,0,Cyera,External,Less than half,0,1,1
ruigangsteel.cc,0,Cyera,External,Less than half,0,1,1
rxoperatingsolutions.com,0,Cyera,External,Less than half,0,1,1
salesone.org,0,Cyera,External,Less than half,0,1,1
sandyshoal.co,0,Cyera,External,Less than half,0,1,1
savba.sk,0,Cyera,External,Less than half,0,1,1
saylordesign.com,0,Cyera,External,Less than half,0,1,1
sba.sa,0,Cyera,External,Less than half,0,1,1
sbcglobal.net,0,Cyera,External,Less than half,0,11,11
scalafamily.net,0,Cyera,External,Less than half,0,1,1
scitechbrief.com,0,Cyera,External,Less than half,0,2,2
scottmooreaz.com,0,Cyera,External,Less than half,0,1,1
seanlanyigolf.com,0,Cyera,External,Less than half,0,1,1
secretroomevents.com,0,Cyera,External,Less than half,0,2,2
seed-house.com,0,Cyera,External,Less than half,0,1,1
seosgservices.com,0,Cyera,External,Less than half,0,1,1
service.baoanexpo.com,0,Cyera,External,Less than half,0,3,3
sestavina.com,0,Cyera,External,Less than half,0,1,1
sharkeypia.com,0,Cyera,External,Less than half,0,1,1
shaw.ca,0,Cyera,External,Less than half,0,2,2
shawsonline.com,0,Cyera,External,Less than half,0,1,1
shrygj.cn,0,Cyera,External,Less than half,0,1,1
silverdaletech.com,0,Cyera,External,Less than half,0,2,2
silvershot.cz,0,Cyera,External,Less than half,0,1,1
siriusvet.com,0,Cyera,External,Less than half,0,1,1
skmediaroom.com,0,Cyera,External,Less than half,0,1,1
smilesoptic.com,0,Cyera,External,Less than half,0,1,1
smithvolvocars.com,0,Cyera,External,Less than half,0,1,1
sogetmicietassocies.fr,0,Cyera,External,Less than half,0,1,1
sprototype.com,0,Cyera,External,Less than half,0,1,1
stadler.ch,0,Cyera,External,Less than half,0,1,1
stalliontex.com,0,Cyera,External,Less than half,0,1,1
stearnscountymn.gov,0,Cyera,External,Less than half,0,1,1
steinwaynashville.com,0,Cyera,External,Less than half,0,1,1
sticker.giftbojian.com,0,Cyera,External,Less than half,0,1,1
strategicmi.com,0,Cyera,External,Less than half,0,1,1
summer-cnc.com,0,Cyera,External,Less than half,0,1,1
sumnershots.com,0,Cyera,External,Less than half,0,1,1
szfreighter.top,0,Cyera,External,Less than half,0,1,1
szhsqd.com,0,Cyera,External,Less than half,0,2,2
szxchen.com,0,Cyera,External,Less than half,0,2,2
tbpassets.com,0,Cyera,External,Less than half,0,1,1
teams.mail.microsoft,0,Cyera,External,Less than half,0,1,1
technicaltalentgroup.com,0,Cyera,External,Less than half,0,1,1
tekmara.com,0,Cyera,External,Less than half,0,1,1
telecentro.com.ar,0,Cyera,External,Less than half,0,1,1
testequity.com,0,Cyera,External,Less than half,0,1,1
thedowningteam.com,0,Cyera,External,Less than half,0,1,1
tjlenvironmental.com,0,Cyera,External,Less than half,0,1,1
tmihg.com,0,Cyera,External,Less than half,0,1,1
todddavidsoninc.com,0,Cyera,External,Less than half,0,1,1
toddwebster.com,0,Cyera,External,Less than half,0,1,1
topscrew.com.tw,0,Cyera,External,Less than half,0,1,1
torontodancesalsa.com,0,Cyera,External,Less than half,0,1,1
tradeint.com,0,Cyera,External,Less than half,0,1,1
tradeshowtools.live,0,Cyera,External,Less than half,0,1,1
transmsisionkits.com,0,Cyera,External,Less than half,0,1,1
tribar.com,0,Cyera,External,More than half,0,0,0
triumfoinc.us,0,Cyera,External,Less than half,0,1,1
triumfollc.com,0,Cyera,External,Less than half,0,1,1
truliantfcu.org,0,Cyera,External,Less than half,0,1,1
truvista.net,0,Cyera,External,Less than half,0,1,1
tyvelde.com,0,Cyera,External,Less than half,0,1,1
ufhealth.org,0,Cyera,External,Less than half,0,1,1
uha.fr,0,Cyera,External,Less than half,0,1,1
ultimatetravelbooking.com,0,Cyera,External,Less than half,0,1,1
umbria.cgil.it,0,Cyera,External,Less than half,0,1,1
umich.edu,0,Cyera,External,Less than half,0,1,1
universalbackground.com,0,Cyera,External,Less than half,0,1,1
uplandexploration.com,0,Cyera,External,Less than half,0,1,1
uptimeev.com,0,Cyera,External,Less than half,0,1,1
ur.com,0,Cyera,External,Less than half,0,1,1
uscomputersinc.com,0,Cyera,External,Less than half,0,1,1
uwyo.edu,0,Cyera,External,Less than half,0,1,1
vanbeynum.nl,0,Cyera,External,Less than half,0,1,1
verbotenbrewing.com,0,Cyera,External,Less than half,0,1,1
verizon.net,0,Cyera,External,Less than half,0,8,8
viennabeef.com,0,Cyera,External,Less than half,0,1,1
vipforall.com,0,Cyera,External,Less than half,0,1,1
viyaenv.com,0,Cyera,External,Less than half,0,1,1
volkswagen-os.de,0,Cyera,External,More than half,0,0,0
votecgroup.com,0,Cyera,External,Less than half,0,1,1
vovinam-evvf.eu,0,Cyera,External,Less than half,0,1,1
vwgds.de,0,Cyera,External,Less than half,0,1,1
vytronixplc.shop,0,Cyera,External,Less than half,0,1,1
wallace.bz,0,Cyera,External,Less than half,0,1,1
watermarkdigital.com,0,Cyera,External,Less than half,0,1,1
waves.systems,0,Cyera,External,Less than half,0,1,1
wayne.edu,0,Cyera,External,Less than half,0,1,1
wendeng-mold.com,0,Cyera,External,Less than half,0,1,1
westernconstruction.com,0,Cyera,External,Less than half,0,1,1
westgatech.edu,0,Cyera,External,Less than half,0,1,1
whirlwindcoffee.com,0,Cyera,External,Less than half,0,1,1
whitver.net,0,Cyera,External,Less than half,0,1,1
wilsonbarrows.com,0,Cyera,External,Less than half,0,1,1
windstream.net,0,Cyera,External,Less than half,0,1,1
winsail-logistics.com,0,Cyera,External,Less than half,0,2,2
winwinlogistics.com.cn,0,Cyera,External,Less than half,0,1,1
wmlaw.com,0,Cyera,External,Less than half,0,1,1
wmrk.com,0,Cyera,External,Less than half,0,1,1
xinhaosupply.com,0,Cyera,External,Less than half,0,1,1
yachtserviceltd.com,0,Cyera,External,Less than half,0,1,1
yahoo.co.in,0,Cyera,External,Less than half,0,1,1
yahoo.com.au,0,Cyera,External,Less than half,0,1,1
yahoo.co.uk,0,Cyera,External,Less than half,0,1,1
ymail.com,0,Cyera,External,Less than half,0,5,5
yukaixincailiao.store,0,Cyera,External,Less than half,0,1,1
zentility.com,0,Cyera,External,Less than half,0,1,1
zeusprimesolutions.com,0,Cyera,External,Less than half,0,1,1
zev.coop,0,Cyera,External,Less than half,0,1,1
zutsumedia.com,0,Cyera,External,Less than half,0,1,1
z-xinran.tech,0,Cyera,External,Less than half,0,1,1
